{
  "resources": [
    "sprite.mp3"
  ],
  "spritemap": {
    "simonSound1": {
      "start": 0,
      "end": 0.4179591836734694,
      "loop": false
    },
    "simonSound2": {
      "start": 2,
      "end": 2.4179591836734695,
      "loop": false
    },
    "simonSound3": {
      "start": 4,
      "end": 4.522448979591837,
      "loop": false
    },
    "simonSound4": {
      "start": 6,
      "end": 6.522448979591837,
      "loop": false
    },
    "gameover": {
      "start": 8,
      "end": 10.05092970521542,
      "loop": false
    }
  }
}